[
  {
    "id": "NRW-001",
    "type": "Verkehrsunfall",
    "title": "VU mit Sachschaden",
    "desc": "Zwei PKW, kein Personenschaden.",
    "lat": 51.9607,
    "lng": 7.6261,
    "timestamp": "2025-10-29T14:30:00Z"
  },
  {
    "id": "NRW-002",
    "type": "Diebstahl",
    "title": "Ladendiebstahl",
    "desc": "Ware im Wert von ~80€.",
    "lat": 51.2277,
    "lng": 6.7735,
    "timestamp": "2025-10-28T10:10:00Z"
  },
  {
    "id": "NRW-003",
    "type": "Körperverletzung",
    "title": "Auseinandersetzung in Bar",
    "desc": "Leichte Verletzungen, RTW vor Ort.",
    "lat": 50.9375,
    "lng": 6.9603,
    "timestamp": "2025-10-30T04:40:00Z"
  },
  {
    "id": "NRW-004",
    "type": "Ruhestörung",
    "title": "Laute Musik",
    "desc": "Mehrere Meldungen aus dem Viertel.",
    "lat": 51.5136,
    "lng": 7.4653,
    "timestamp": "2025-10-27T22:15:00Z"
  },
  {
    "id": "NI-001",
    "type": "Verkehrsunfall",
    "title": "VU mit Personenschaden",
    "desc": "Leicht verletzt, RTW/NEF alarmiert.",
    "lat": 52.4227,
    "lng": 9.7519,
    "timestamp": "2025-10-25T18:05:00Z"
  },
  {
    "id": "NI-002",
    "type": "Diebstahl",
    "title": "Fahrraddiebstahl",
    "desc": "Herrenrad, schwarz, unbek. Marke.",
    "lat": 52.027,
    "lng": 8.5325,
    "timestamp": "2025-10-30T01:10:00Z"
  }
]